{
  "best_params": {
    "learning_rate": 0.01,
    "max_depth": 4,
    "n_estimators": 500
  },
  "baseline_raw": {
    "accuracy": 0.48420019627085376,
    "f1_macro": 0.47419677584987957,
    "f1_away": 0.5151890886546807,
    "f1_home": 0.5659050966608085,
    "f1_draw": 0.3414961422341496,
    "pred_dist": [
      1633,
      1788,
      1674
    ],
    "cm": [
      [
        831,
        269,
        493
      ],
      [
        396,
        1127,
        672
      ],
      [
        406,
        392,
        509
      ]
    ]
  },
  "baseline_cal": {
    "accuracy": 0.5177625122669284,
    "f1_macro": 0.3873907183709888,
    "f1_away": 0.5127398553004089,
    "f1_home": 0.6388742304309587,
    "f1_draw": 0.010558069381598794,
    "pred_dist": [
      1586,
      3490,
      19
    ],
    "cm": [
      [
        815,
        771,
        7
      ],
      [
        374,
        1816,
        5
      ],
      [
        397,
        903,
        7
      ]
    ]
  },
  "thresholds": [
    {
      "t": 0.0,
      "raw": {
        "accuracy": 0.48420019627085376,
        "f1_macro": 0.47419677584987957,
        "f1_away": 0.5151890886546807,
        "f1_home": 0.5659050966608085,
        "f1_draw": 0.3414961422341496,
        "pred_dist": [
          1633,
          1788,
          1674
        ],
        "cm": [
          [
            831,
            269,
            493
          ],
          [
            396,
            1127,
            672
          ],
          [
            406,
            392,
            509
          ]
        ]
      },
      "cal": {
        "accuracy": 0.5177625122669284,
        "f1_macro": 0.3873907183709888,
        "f1_away": 0.5127398553004089,
        "f1_home": 0.6388742304309587,
        "f1_draw": 0.010558069381598794,
        "pred_dist": [
          1586,
          3490,
          19
        ],
        "cm": [
          [
            815,
            771,
            7
          ],
          [
            374,
            1816,
            5
          ],
          [
            397,
            903,
            7
          ]
        ]
      }
    },
    {
      "t": 0.27,
      "raw": {
        "accuracy": 0.33935230618253187,
        "f1_macro": 0.2976690997197337,
        "f1_away": 0.20276008492569003,
        "f1_home": 0.2741875233470303,
        "f1_draw": 0.4160596908864807,
        "pred_dist": [
          291,
          482,
          4322
        ],
        "cm": [
          [
            191,
            40,
            1362
          ],
          [
            39,
            367,
            1789
          ],
          [
            61,
            75,
            1171
          ]
        ]
      },
      "cal": {
        "accuracy": 0.49244357212953876,
        "f1_macro": 0.4672961615509757,
        "f1_away": 0.5111394016549968,
        "f1_home": 0.5929422342099349,
        "f1_draw": 0.2978068487879954,
        "pred_dist": [
          1549,
          2254,
          1292
        ],
        "cm": [
          [
            803,
            397,
            393
          ],
          [
            364,
            1319,
            512
          ],
          [
            382,
            538,
            387
          ]
        ]
      }
    },
    {
      "t": 0.3,
      "raw": {
        "accuracy": 0.3719332679097154,
        "f1_macro": 0.35429972048108155,
        "f1_away": 0.2946470866887731,
        "f1_home": 0.35590877677954386,
        "f1_draw": 0.4123432979749277,
        "pred_dist": [
          518,
          699,
          3878
        ],
        "cm": [
          [
            311,
            71,
            1211
          ],
          [
            82,
            515,
            1598
          ],
          [
            125,
            113,
            1069
          ]
        ]
      },
      "cal": {
        "accuracy": 0.5095191364082434,
        "f1_macro": 0.4533868059127548,
        "f1_away": 0.5134196400378908,
        "f1_home": 0.6216540151817819,
        "f1_draw": 0.22508676251859197,
        "pred_dist": [
          1574,
          2811,
          710
        ],
        "cm": [
          [
            813,
            565,
            215
          ],
          [
            371,
            1556,
            268
          ],
          [
            390,
            690,
            227
          ]
        ]
      }
    },
    {
      "t": 0.32,
      "raw": {
        "accuracy": 0.39234543670264965,
        "f1_macro": 0.3869884056675912,
        "f1_away": 0.3557483731019523,
        "f1_home": 0.400652528548124,
        "f1_draw": 0.4045643153526971,
        "pred_dist": [
          712,
          870,
          3513
        ],
        "cm": [
          [
            410,
            98,
            1085
          ],
          [
            128,
            614,
            1453
          ],
          [
            174,
            158,
            975
          ]
        ]
      },
      "cal": {
        "accuracy": 0.514622178606477,
        "f1_macro": 0.4102385653576756,
        "f1_away": 0.5134027120782088,
        "f1_home": 0.634199527530438,
        "f1_draw": 0.08311345646437995,
        "pred_dist": [
          1578,
          3308,
          209
        ],
        "cm": [
          [
            814,
            711,
            68
          ],
          [
            372,
            1745,
            78
          ],
          [
            392,
            852,
            63
          ]
        ]
      }
    },
    {
      "t": 0.34,
      "raw": {
        "accuracy": 0.4253189401373896,
        "f1_macro": 0.4289991989797679,
        "f1_away": 0.43370699652106687,
        "f1_home": 0.45717768972874123,
        "f1_draw": 0.3961129106894956,
        "pred_dist": [
          994,
          1086,
          3015
        ],
        "cm": [
          [
            561,
            128,
            904
          ],
          [
            190,
            750,
            1255
          ],
          [
            243,
            208,
            856
          ]
        ]
      },
      "cal": {
        "accuracy": 0.515603532875368,
        "f1_macro": 0.3940653999816704,
        "f1_away": 0.5127398553004089,
        "f1_home": 0.6363151342699627,
        "f1_draw": 0.03314121037463977,
        "pred_dist": [
          1586,
          3428,
          81
        ],
        "cm": [
          [
            815,
            752,
            26
          ],
          [
            374,
            1789,
            32
          ],
          [
            397,
            887,
            23
          ]
        ]
      }
    },
    {
      "t": 0.36,
      "raw": {
        "accuracy": 0.46535819430814523,
        "f1_macro": 0.46658533472807967,
        "f1_away": 0.5015005001667222,
        "f1_home": 0.5254794520547945,
        "f1_draw": 0.3727760519627224,
        "pred_dist": [
          1406,
          1455,
          2234
        ],
        "cm": [
          [
            752,
            196,
            645
          ],
          [
            307,
            959,
            929
          ],
          [
            347,
            300,
            660
          ]
        ]
      },
      "cal": {
        "accuracy": 0.517369970559372,
        "f1_macro": 0.3881994808255958,
        "f1_away": 0.5127398553004089,
        "f1_home": 0.638365333803065,
        "f1_draw": 0.013493253373313344,
        "pred_dist": [
          1586,
          3482,
          27
        ],
        "cm": [
          [
            815,
            769,
            9
          ],
          [
            374,
            1812,
            9
          ],
          [
            397,
            901,
            9
          ]
        ]
      }
    },
    {
      "t": 0.38,
      "raw": {
        "accuracy": 0.4989205103042198,
        "f1_macro": 0.45438653949221286,
        "f1_away": 0.5284262565229333,
        "f1_home": 0.6007210455159981,